record_id,filename,size_bytes,checksum,download_url
20568218,GFSM_N00E000.zip,565785140,md5:fa999830bc2c66f79348eb63917a2e6a,https://zenodo.org/records/20568218/files/GFSM_N00E000.zip?download=1
20568218,GFSM_N00E020.zip,537288805,md5:7cb434cb3d0bc24204add5f651f974c5,https://zenodo.org/records/20568218/files/GFSM_N00E020.zip?download=1
20568218,GFSM_N00E040.zip,286097227,md5:d5a837a371ce939f2e3d510617fb5bdc,https://zenodo.org/records/20568218/files/GFSM_N00E040.zip?download=1
20568218,GFSM_N00E060.zip,133136695,md5:ff070dccb199b6bb3764653693b1aecf,https://zenodo.org/records/20568218/files/GFSM_N00E060.zip?download=1
20568218,GFSM_N00E080.zip,147560109,md5:0aa0e350bc19a5daed2588e58a27ba09,https://zenodo.org/records/20568218/files/GFSM_N00E080.zip?download=1
20568218,GFSM_N00E100.zip,284591795,md5:6fc6b929c0b173f1596138386dd6dfab,https://zenodo.org/records/20568218/files/GFSM_N00E100.zip?download=1
20568218,GFSM_N00E120.zip,57319843,md5:749d89fceafb00567654b4a0badc1c9a,https://zenodo.org/records/20568218/files/GFSM_N00E120.zip?download=1
20568218,GFSM_N00E140.zip,183835,md5:9a0436b79ad9ea161a2eaa180d14bad2,https://zenodo.org/records/20568218/files/GFSM_N00E140.zip?download=1
20568218,GFSM_N00W020.zip,293069291,md5:3268a9f9e9a8120e5cff629f64377200,https://zenodo.org/records/20568218/files/GFSM_N00W020.zip?download=1
20568218,GFSM_N00W060.zip,87452117,md5:25293c0625a90fdee8edad17a28ba07f,https://zenodo.org/records/20568218/files/GFSM_N00W060.zip?download=1
20568218,GFSM_N00W080.zip,337147546,md5:87064fd24122b05444997186665edbd0,https://zenodo.org/records/20568218/files/GFSM_N00W080.zip?download=1
20568218,GFSM_N00W100.zip,140846303,md5:d9270875a2572197b9c724df715b47c5,https://zenodo.org/records/20568218/files/GFSM_N00W100.zip?download=1
20568218,GFSM_N00W120.zip,19701559,md5:4e6b0ff1164bebd4ec5ff92cfc25a361,https://zenodo.org/records/20568218/files/GFSM_N00W120.zip?download=1
20568218,GFSM_N00W160.zip,667194,md5:b8d8d39cfe7dc4f7031adeabaa8d1170,https://zenodo.org/records/20568218/files/GFSM_N00W160.zip?download=1
20568218,GFSM_N20E000.zip,407443404,md5:c768bade77838433b77d865418e324f3,https://zenodo.org/records/20568218/files/GFSM_N20E000.zip?download=1
20568218,GFSM_N20E020.zip,435118085,md5:3e6570e761137dfc3cf81cf22c54cd49,https://zenodo.org/records/20568218/files/GFSM_N20E020.zip?download=1
20568218,GFSM_N20E040.zip,693099918,md5:b156bffac412db34ac6304f19961bb9d,https://zenodo.org/records/20568218/files/GFSM_N20E040.zip?download=1
20568218,GFSM_N20E060.zip,731130689,md5:4aa85bba3c2a3aadc215bce71248ae01,https://zenodo.org/records/20568218/files/GFSM_N20E060.zip?download=1
20568218,GFSM_N20E080.zip,622090554,md5:15ca0d86444e811c1be1c70d227984dc,https://zenodo.org/records/20568218/files/GFSM_N20E080.zip?download=1
20568218,GFSM_N20E100.zip,879038031,md5:e4bce24a566b0cd33bd9800a451b766f,https://zenodo.org/records/20568218/files/GFSM_N20E100.zip?download=1
20568218,GFSM_N20E120.zip,193276054,md5:1fe7ce6ac69fbdb1060bb2ea8c2b4bd7,https://zenodo.org/records/20568218/files/GFSM_N20E120.zip?download=1
20568218,GFSM_N20E140.zip,18865921,md5:7486b1a4c950fd8a9bd70604c8db7882,https://zenodo.org/records/20568218/files/GFSM_N20E140.zip?download=1
20568218,GFSM_N20W020.zip,314361812,md5:8712b3dac022852c03d1a67772144e24,https://zenodo.org/records/20568218/files/GFSM_N20W020.zip?download=1
20568218,GFSM_N20W040.zip,783609,md5:a4d5297a335818c4b8c0ce9094b33984,https://zenodo.org/records/20568218/files/GFSM_N20W040.zip?download=1
20568218,GFSM_N20W080.zip,151323049,md5:aeff31e2138a84a4851c5f76dd70559e,https://zenodo.org/records/20568218/files/GFSM_N20W080.zip?download=1
20568218,GFSM_N20W100.zip,849400740,md5:14e4157a28296c7ee2087484363bf12b,https://zenodo.org/records/20568218/files/GFSM_N20W100.zip?download=1
20568218,GFSM_N20W120.zip,541568810,md5:255b166b83758ab70ffec244741c0e6e,https://zenodo.org/records/20568218/files/GFSM_N20W120.zip?download=1
20568218,GFSM_N20W140.zip,40504555,md5:10572d6b995984772e48a17d045e91b6,https://zenodo.org/records/20568218/files/GFSM_N20W140.zip?download=1
20568218,GFSM_N20W160.zip,850618,md5:41913d594c8f337087fb853bdb666b7a,https://zenodo.org/records/20568218/files/GFSM_N20W160.zip?download=1
20568218,GFSM_N20W180.zip,66813,md5:57284747fd348ee9cab8e1df9d43236b,https://zenodo.org/records/20568218/files/GFSM_N20W180.zip?download=1
20568218,GFSM_N40E000.zip,936611333,md5:6b81c4d556624d7e76fff527a70fe79d,https://zenodo.org/records/20568218/files/GFSM_N40E000.zip?download=1
20568218,GFSM_N40E020.zip,1255726562,md5:e11fbac1e7d89614cd11f8cab062d974,https://zenodo.org/records/20568218/files/GFSM_N40E020.zip?download=1
20568218,GFSM_N40E040.zip,1356882899,md5:b32d867143c2eaa9ae93432756e8218a,https://zenodo.org/records/20568218/files/GFSM_N40E040.zip?download=1
20568218,GFSM_N40E060.zip,1424331190,md5:2a0f93616f0c3931e5290d57945916fb,https://zenodo.org/records/20568218/files/GFSM_N40E060.zip?download=1
20568218,GFSM_N40E080.zip,1319127671,md5:8dae977bd62ed22bf4863df3f7f47bc0,https://zenodo.org/records/20568218/files/GFSM_N40E080.zip?download=1
20568218,GFSM_N40E100.zip,1132111601,md5:04d3452832506096e5179f79b2a9bf34,https://zenodo.org/records/20568218/files/GFSM_N40E100.zip?download=1
20568218,GFSM_N40E120.zip,994962259,md5:333568bf4a096a8bdc928df5150bca00,https://zenodo.org/records/20568218/files/GFSM_N40E120.zip?download=1
20568218,GFSM_N40E140.zip,272313650,md5:4e709bcd0d8cc9a571f78f2ba9d71c3f,https://zenodo.org/records/20568218/files/GFSM_N40E140.zip?download=1
20568218,GFSM_N40E160.zip,63835530,md5:6efc0d1e30339bdf70a82e8368da01d1,https://zenodo.org/records/20568218/files/GFSM_N40E160.zip?download=1
20568218,GFSM_N40W020.zip,250075972,md5:26469c28f3389027f98266858f74615e,https://zenodo.org/records/20568218/files/GFSM_N40W020.zip?download=1
20568218,GFSM_N40W060.zip,117617910,md5:ae506cb43d869437f0cc145da979f90f,https://zenodo.org/records/20568218/files/GFSM_N40W060.zip?download=1
20568218,GFSM_N40W080.zip,1147024178,md5:b45130b5d95d2b7e0baa9e3778e35668,https://zenodo.org/records/20568218/files/GFSM_N40W080.zip?download=1
20568218,GFSM_N40W100.zip,1387519863,md5:540b0417d662ef31e1f2109e859c9ec3,https://zenodo.org/records/20568218/files/GFSM_N40W100.zip?download=1
20568218,GFSM_N40W120.zip,1354840730,md5:bedeb3ec1728556a613cb7a3e92d2144,https://zenodo.org/records/20568218/files/GFSM_N40W120.zip?download=1
20568218,GFSM_N40W140.zip,606350116,md5:a1699da6cb5c458a31414ca76f7bc808,https://zenodo.org/records/20568218/files/GFSM_N40W140.zip?download=1
20568218,GFSM_N40W160.zip,97274684,md5:8b0d30050d550c59c93e45f5095731a6,https://zenodo.org/records/20568218/files/GFSM_N40W160.zip?download=1
20568218,GFSM_N40W180.zip,47166389,md5:64a570ca13c983e3f90d5c5aa7a67450,https://zenodo.org/records/20568218/files/GFSM_N40W180.zip?download=1
20568218,GFSM_N60E000.zip,567326644,md5:6eba679ccff31f6c109c890db6a427b7,https://zenodo.org/records/20568218/files/GFSM_N60E000.zip?download=1
20568218,GFSM_N60E020.zip,1362687464,md5:926b47a3da384c22f99b67f8f3f0a6ed,https://zenodo.org/records/20568218/files/GFSM_N60E020.zip?download=1
20568218,GFSM_N60E040.zip,1101270392,md5:65e122bbaf0d991804db2ff76abf6566,https://zenodo.org/records/20568218/files/GFSM_N60E040.zip?download=1
20568218,GFSM_N60E060.zip,1861408085,md5:2f49a178399717c310a4186239f23a6a,https://zenodo.org/records/20568218/files/GFSM_N60E060.zip?download=1
20568218,GFSM_N60E080.zip,2446827004,md5:04643429b6745eb97481440f0e89cbb2,https://zenodo.org/records/20568218/files/GFSM_N60E080.zip?download=1
20568218,GFSM_N60E100.zip,2553262899,md5:c409f51dbf10b22b4433d7ffeb225746,https://zenodo.org/records/20568218/files/GFSM_N60E100.zip?download=1
20568218,GFSM_N60E120.zip,1689937798,md5:f2326d9545004529d9e739401c19d319,https://zenodo.org/records/20568218/files/GFSM_N60E120.zip?download=1
20568218,GFSM_N60E140.zip,1745893436,md5:9c197234b2735739d1a87257018d03ec,https://zenodo.org/records/20568218/files/GFSM_N60E140.zip?download=1
20568218,GFSM_N60E160.zip,904088961,md5:ef4e219e85edf95c1755303a78551afc,https://zenodo.org/records/20568218/files/GFSM_N60E160.zip?download=1
20568218,GFSM_N60W020.zip,52424219,md5:7c8695f91a029a7a1539b9c1221b7438,https://zenodo.org/records/20568218/files/GFSM_N60W020.zip?download=1
20568218,GFSM_N60W040.zip,32727694,md5:649c4ca9b57c559045921904ed77117f,https://zenodo.org/records/20568218/files/GFSM_N60W040.zip?download=1
20568218,GFSM_N60W080.zip,198521807,md5:3f60d1c15195a0e6b43176dffd3c8343,https://zenodo.org/records/20568218/files/GFSM_N60W080.zip?download=1
20568218,GFSM_N60W100.zip,1218635730,md5:913df6fc38ce3492561a499b5d983fdf,https://zenodo.org/records/20568218/files/GFSM_N60W100.zip?download=1
20568218,GFSM_N60W120.zip,1631768080,md5:c4b556ba0104abb1b5d5c15a10914c5b,https://zenodo.org/records/20568218/files/GFSM_N60W120.zip?download=1
20568218,GFSM_N60W140.zip,1276794364,md5:b73bd907935c3af37a0ab58292b2084d,https://zenodo.org/records/20568218/files/GFSM_N60W140.zip?download=1
20568218,GFSM_N60W160.zip,1306745211,md5:0fb1b31c0f31fbe3a681c6fc5ec8e43b,https://zenodo.org/records/20568218/files/GFSM_N60W160.zip?download=1
20568218,GFSM_N60W180.zip,468593454,md5:46ff5fa556f204e2e04acf19c9bbd2bd,https://zenodo.org/records/20568218/files/GFSM_N60W180.zip?download=1
20568218,GFSM_S20E000.zip,176517893,md5:ada4b495359fd956560dd887997c6583,https://zenodo.org/records/20568218/files/GFSM_S20E000.zip?download=1
20568218,GFSM_S20E020.zip,443718590,md5:907435a48d14e57f0833d9e1272eaa21,https://zenodo.org/records/20568218/files/GFSM_S20E020.zip?download=1
20568218,GFSM_S20E040.zip,73340406,md5:ef506b4d558c28ebcf37667a2a2dd8c8,https://zenodo.org/records/20568218/files/GFSM_S20E040.zip?download=1
20568218,GFSM_S20E060.zip,34458,md5:6f3386a3fefa67c700fbd0f2f3f59e9f,https://zenodo.org/records/20568218/files/GFSM_S20E060.zip?download=1
20568218,GFSM_S20E080.zip,1870794,md5:eab3d9eda6bfa76c4883e293c95e58dd,https://zenodo.org/records/20568218/files/GFSM_S20E080.zip?download=1
20568218,GFSM_S20E100.zip,174694863,md5:8595cf42c417d108b42211fb8f50e0de,https://zenodo.org/records/20568218/files/GFSM_S20E100.zip?download=1
20568218,GFSM_S20E120.zip,266204781,md5:bee4a9edf3fdf9ea03dd3e161e183c00,https://zenodo.org/records/20568218/files/GFSM_S20E120.zip?download=1
20568218,GFSM_S20E140.zip,141621408,md5:f5a8c5e16443b6f5256e2e132753c1e6,https://zenodo.org/records/20568218/files/GFSM_S20E140.zip?download=1
20568218,GFSM_S20E160.zip,4998648,md5:8398571083993dac6836873530ebb9f1,https://zenodo.org/records/20568218/files/GFSM_S20E160.zip?download=1
20568218,GFSM_S20W040.zip,102975330,md5:f3b968ec1402c10613d158db101c0843,https://zenodo.org/records/20568218/files/GFSM_S20W040.zip?download=1
20568218,GFSM_S20W060.zip,736695519,md5:710985234db777e6aaf1f96a68df0020,https://zenodo.org/records/20568218/files/GFSM_S20W060.zip?download=1
20568218,GFSM_S20W080.zip,581579427,md5:b933c334351efb13cdada6027b57ca1c,https://zenodo.org/records/20568218/files/GFSM_S20W080.zip?download=1
20568218,GFSM_S20W100.zip,9831312,md5:9f890360f9663b9b533871bcf8ca281e,https://zenodo.org/records/20568218/files/GFSM_S20W100.zip?download=1
20568218,GFSM_S20W160.zip,304649,md5:1036c253ce0994171935dd85aacc4773,https://zenodo.org/records/20568218/files/GFSM_S20W160.zip?download=1
20568218,GFSM_S20W180.zip,42435,md5:821384f6248876232f38fccf3241f7b7,https://zenodo.org/records/20568218/files/GFSM_S20W180.zip?download=1
20568218,GFSM_S40E000.zip,72247528,md5:dba26f93f7d763452afad91d76fc48e8,https://zenodo.org/records/20568218/files/GFSM_S40E000.zip?download=1
20568218,GFSM_S40E020.zip,291574124,md5:b580f569812866fceca452d0a9a5c33a,https://zenodo.org/records/20568218/files/GFSM_S40E020.zip?download=1
20568218,GFSM_S40E040.zip,39295260,md5:3974d9c1e4178d343a487ebbf2274a46,https://zenodo.org/records/20568218/files/GFSM_S40E040.zip?download=1
20568218,GFSM_S40E100.zip,153736310,md5:87bbe49fbcdeeee9ef0b99af2b1fc967,https://zenodo.org/records/20568218/files/GFSM_S40E100.zip?download=1
20568218,GFSM_S40E120.zip,531803462,md5:8533edfc7f8bc0a293ddf4bcf72b2006,https://zenodo.org/records/20568218/files/GFSM_S40E120.zip?download=1
20568218,GFSM_S40E140.zip,589982635,md5:68c9a49e0548ef6be27180e9a7b8b9fc,https://zenodo.org/records/20568218/files/GFSM_S40E140.zip?download=1
20568218,GFSM_S40E160.zip,34314269,md5:cdfcdbb33f41f59bd8db1247ed316687,https://zenodo.org/records/20568218/files/GFSM_S40E160.zip?download=1
20568218,GFSM_S40W060.zip,485131465,md5:e5fec4aac079b912a7b5352a5518a7b8,https://zenodo.org/records/20568218/files/GFSM_S40W060.zip?download=1
20568218,GFSM_S40W080.zip,509416820,md5:c355fc7cd2492b91e3ba05e336d8893d,https://zenodo.org/records/20568218/files/GFSM_S40W080.zip?download=1
20568218,GFSM_S40W100.zip,32588,md5:18ec7656e608aa6df2c8986305127d28,https://zenodo.org/records/20568218/files/GFSM_S40W100.zip?download=1
20568218,GFSM_S60E140.zip,17913831,md5:924e7c778c1bafe4e59f7000531eb2fc,https://zenodo.org/records/20568218/files/GFSM_S60E140.zip?download=1
20568218,GFSM_S60E160.zip,45244142,md5:b093a6f9a373f9f2e87e1482091e9f5a,https://zenodo.org/records/20568218/files/GFSM_S60E160.zip?download=1
20568218,GFSM_S60W040.zip,884242,md5:c4eab1cfadeef385b8a8ee4dede10a85,https://zenodo.org/records/20568218/files/GFSM_S60W040.zip?download=1
20568218,GFSM_S60W060.zip,6177738,md5:ee927431634f69452d7f8e6e57777910,https://zenodo.org/records/20568218/files/GFSM_S60W060.zip?download=1
20568218,GFSM_S60W080.zip,361200805,md5:be7478ffdcf7f7183e617a0620f31e14,https://zenodo.org/records/20568218/files/GFSM_S60W080.zip?download=1
